P09712MNC;iPhone 12 mini 64GB Black
P097126NC;iPhone 12 64GB Black
P034A22GC;Samsung Galaxy A22 5G 64GB
P075V30AC;ZTE Blade V30 Vita 128GB
P0559T6VC;Xiaomi Redmi 9T 64GB
P022PICAC;Lenovo portatíl IP 1 11 HD 4+64GB
P03421UNC;Samsung Galaxy S21 Ultra
P03421UNC;Samsung Galaxy S21+5G
P055M11AC;Xiaomi Mi 11i 5G + pack hogar
P034A32NC;Samsung Galaxy A32 5G
P055N10NC;Xiaomi Redmi Note 10 5G
P063A53NC;Samsung A53s
P034S2FMC;Samsung Galaxy S20 FE
P076Y11NC;VIVO Y11s
P03402SWC;Samsung Galaxy 02s
P0559A3NC;Xiaomi Redmi 9A
P063A15NC;Oppo A15
P075A51AC;ZTE Blade A51
P0451SEGC;Alcatel 1SE
P030T3LM2;Smart tv 65
P034T4332;Smart tv 32
P022PICAC;Lenovo IP 1 11 HD
G097AP2B2;Airpods (2º Generación)
G043GT2N2;Watch GT2 46mm
P034T4332;Smart Tv 32
G037CH7N2;Cascos diadema Sony
G037XB2N2;Altavoz Sony 
P0559A3NC;Xiaomi Redmi 9A
P021G30GC;Motorola G30
G063BSPN2;Oppo Band Sport